027d5577f2c680dcc41d8498bd4bfa1f;4441ae1b546c443c908d848e4b4fdd1b;museum;OFFICINA PROFUMO-FARMACEUTICA DI SANTA MARIA NOVELLA;FIRENZE;VIA DELLA SCALA;VIA DELLA SCALA;RT04801702686TO;43.7741017371424;11.247714171699352; 1429091378426
05a6ace4fe7b9acba5beb68a450097a4;eae2a9e8bb854962a2007fa07458babd;museum;Galleria degli Uffizi;FIRENZE;PIAZZALE DEGLI UFFIZI;PIAZZALE DEGLI UFFIZI;RT04801702025TO;43.768524;11.255607; 1429179042456
06271d60bf8bd40c871e1ef6f8bfa429;6cfe5a1558824ad1a7075323025009e9;museum;musei.32;FIRENZE;VIA DI SAN BARTOLO A CINTOIA;VIA DI SAN BARTOLO A CINTOIA;RT04801703520TO;43.77469758903255;11.197055717325778; 1429092634915
07a25540259a74f33b035cc8deefe0f4;17efdf3605df4ca089e205ce345139d9;museum;Museo di Casa Martelli;FIRENZE;VIA FERDINANDO ZANNETTI;VIA FERDINANDO ZANNETTI;RT04801702949TO;43.774147;11.253293; 1429090056607
07a999994781291386f391e42e5c8da5;7b415c5c8c6446638a6c2b8197fdd95c;museum;musei.63;FIRENZE;VIA DEI RENAI;VIA DEI RENAI;RT04801702442TO;43.765083626302705;11.25843862012368; 1429093599737
07ebe6bdc0de72ce18c6fb53ef16bf75;b1cf087af2a94e1a8023abf41fbe2107;museum;musei.35;FIRENZE;VIA SANTA MARGHERITA;VIA SANTA MARGHERITA;RT04801703568TO;43.77111377533074;11.257091838007282; 1429095240352
0d156e7e12258661c3d4ffe37f881d83;21ec7bbbdac64f43b48111bfb8b2e893;museum;Museo Giardino di Boboli;FIRENZE;PIAZZA DE PITTI;PIAZZA DEI PITTI;RT04801707345TO;43.765178;11.248342; 1429090125262
0d2f8313960ba493383d0e34032fbbed;c6e215f8bd6542a896a671b110abdcdf;museum;Museo Bandini;FIESOLE;VIA GIOVANNI DUPRÈ;VIA GIOVANNI DUPRE';RT04801703114TO;43.807293;11.292954; 1429176670443
0df5a3a4f80b46e6184f6c861228b583;d4a912d33aea4de8aa6ce53f6a8f1b1b;museum;MUSEO FIRENZE COM ERA;FIRENZE;VIA DELL ORIUOLO;VIA DELL'ORIUOLO;RT04801702634TO;43.772234529221606;11.26004891263539; 1429176913069
0e2156995de73cc4d6e2938d6a8c4469;74b11d6128424147a63e42c1bc259d9b;museum;Sinagoga e Museo Ebraico;FIRENZE;VIA LUIGI CARLO FARINI;VIA LUIGI CARLO FARINI;RT04801703278TO;43.772972;11.265515; 1429092765218
10c5b8cd324477e75fa6c954b809334c;182f461daeb541c89f6510325eceba4a;museum;VILLA MEDICEA DI CASTELLO;FIRENZE;VIA DI CASTELLO;VIA DI CASTELLO;RT04801707357TO;43.82076448214922;11.225985229863813; 1429090059207
11828aaa17da36141de59197cbb30cca;37e30104254849fa83a225810e989417;museum;Complesso Monumentale Orsanmichele;FIRENZE;VIA ORSAMMICHELE;;;43.770866;11.254763; 1429091239032
15a36041238a12f1c4309f6fc1ea2c92;6ed68c269dae481d9db5e76d1a212e29;museum;CAPPELLE MEDICEE;FIRENZE;VIA DEI CONTI;VIA DEI CONTI;RT04801702338TO;43.77488660377113;11.253149193227443; 1429092660135
17b677e7277661c45740a06c84ebb26a;501e4529dd4f48bebd40b6201eb9e339;museum;CROCEFISSIONE DEL PERUGINO;FIRENZE;BORGO PINTI;BORGO PINTI;RT04801701836TO;43.77450036002496;11.26431177219703; 1429092145926
1836c5d2d168c241fb9464bbd5fa5ea5;1aac7023126844f89d3cd07cc31cfdb7;museum;Galleria Frilli;FIRENZE;VIA DEI FOSSI;VIA DEI FOSSI;RT04801702420TO;43.771667;11.248363; 1429090072210
1848766c8615f2014105ddbc0bcb702e;f15b96ece0fb4a99813138365a70aa1d;museum;Museo Horne;FIRENZE;VIA DEI BENCI;VIA DEI BENCI;RT04801702322TO;43.767445;11.259375; 1429181877387
187d4039edb591b9ff7ef0de2fe8c6a0;24ecdd345e2c4549a79a359c5f25e6a7;museum;MUSEO GUCCI;FIRENZE;PIAZZA DELLA SIGNORIA;PIAZZA DELLA SIGNORIA;RT04801701941TO;43.76974042002204;11.256697150913961; 1429090143466
1a4944d7d8495dc180d174e08b1de11e;dd78e777b3554b70981fed46e5ed7c7d;museum;musei.56;FIRENZE;PIAZZA SANTO STEFANO;PIAZZA SANTO STEFANO;RT04801702015TO;43.768649087812655;11.254024836386474; 1429178883879
1d1ae5719b00350898a5b359d366a81b;74dcb279ec0f47ce846e38d798b5feb8;museum;MUSEO DI SAN MARCO;FIRENZE;PIAZZA SAN MARCO;PIAZZA DI SAN MARCO;RT04801701954TO;43.778138844339914;11.259003002884238; 1429092768020
1ed4a1b71c8eb738d2bd7a510758fb47;8cd72da6c2274e478cc38fb688bb3457;museum;musei.45;FIRENZE;PIAZZA DE PITTI;PIAZZA DEI PITTI;RT04801707345TO;43.76527361263458;11.24996827517074; 1429093745139
20e7bd7104ea55f89ca3fe4dd5c319d4;672673489cc043ed96cc4b9a11bcc855;museum;Museo degli Innocenti;FIRENZE;PIAZZA DELLA SANTISSIMA ANNUNZIATA;PIAZZA DELLA SANTISSIMA ANNUNZIATA;RT04801702013TO;43.77634;11.26097; 1429092555051
215bb05fae19c9fb9b5a8b2cef144ebc;94e2731725844ec1a53a8172c2260b90;museum;MUSEO DEGLI ARGENTI;FIRENZE;PIAZZA DE PITTI;PIAZZA DEI PITTI;RT04801707345TO;43.76527361263458;11.24996827517074; 1429093804209
2512facb0a894642799ee37e53144bde;14d9613cc59349eb94a75740b037965b;museum;Corridoio Vasariano;FIRENZE;PIAZZALE DEGLI UFFIZI;PIAZZALE DEGLI UFFIZI;RT04801702025TO;43.767898;11.255377; 1429090035802
26626621db66ab084adfe8cf232c27df;8a95b2c04ec44fdc967a87bbcb410fba;museum;MUSEO DELLA MISERICORDIA;FIRENZE;PIAZZA DEL DUOMO;PIAZZA DEL DUOMO;RT04801701927TO;43.772609409269755;11.255517023034573; 1429093726315
26a5e92651e7bf06bffc63060fb03cfb;86e18ed4de834d9c8a68c4586be97018;museum;VILLA CORSINI A CASTELLO;FIRENZE;VIA DELLA PETRAIA;VIA DELLA PETRAIA;RT04801702676TO;43.81646618885318;11.232656271335433; 1429093694508
285eee86e542c7f0c6c72df2b2bb30c5;d8dc064a9b7b49469f2db7a93b98c51f;museum;musei.40;FIRENZE;PIAZZA DEL DUOMO;PIAZZA DEL DUOMO;RT04801701927TO;43.77307319136331;11.257792692594839; 1429176977058
2b65d6ac591055ed8231808804197579;fa7efbc53c964be4b96d1bd922e1d43a;museum;BATTISTERO DI SAN GIOVANNI BATTISTA;FIRENZE;PIAZZA DI SAN GIOVANNI;PIAZZA DI SAN GIOVANNI;RT04801701953TO;43.77315879964214;11.255053094898525; 1429181927548
2c2219392e6063188b7217575a0b1cc4;71a05ba079a64010b68e976a028ccd4b;museum;PALAZZO MEDICI RICCARDI;FIRENZE;VIA CAMILLO CAVOUR;VIA CAMILLO CAVOUR;RT04801702240TO;43.77524169466943;11.256030097090775; 1429092711976
30f2612a8bb74a84fcbe65cb3a61b6c6;ffa3462a513a47cdb6fcb48f886a3fa7;museum;TEST -Biblioteca Galileiana;FIRENZE;PIAZZA DEI GIUDICI;PIAZZA DEI GIUDICI;RT04801708062TO;43.76768273212171;11.256023021013986; 1429182889528
317896f5a78c9159d51dbf4e26dc5c49;ec147a8f326d4886992980bde0e41274;museum;musei.22;FIRENZE;VIA GIUSEPPE GIUSTI;VIA GIUSEPPE GIUSTI;RT04801703158TO;43.77678165058515;11.264543217473683; 1429179051376
329ea1859ecbbec521694f312f21196c;8da63dacf6c64e4eb5f13ac052700b34;museum;Museo degli Argenti;FIRENZE;PIAZZA DE PITTI;PIAZZA DEI PITTI;RT04801707345TO;43.765178;11.248342; 1429093753578
33cabcbc963b87c01fbff71223c8c697;1e9cfaf3813142ae9ec06fc0e319bd78;museum;Casa di Bettino Ricasoli;FIRENZE;VIA RICASOLI;VIA RICASOLI;RT04801703496TO;43.774227;11.25649; 1429090103417
355f9f5ada22435ee554e8572fff79f7;1e3dd299d4744c41b82a90a043c3d1ef;museum;musei.64;FIRENZE;VIA FEDERICO STIBBERT;VIA FEDERIGO STIBBERT;RT04801702937TO;43.791947381418225;11.255354810763123; 1429090100296
35c611ad529b88d81cadfe8cd4bfc1e8;36980f09cc924b2ea979f9c6bb1d39b6;museum;MUSEO GALILEO;FIRENZE;PIAZZA DE' GIUDICI;PIAZZA DEI GIUDICI;RT04801708062TO;43.76768273212171;11.256023021013986; 1429091223010
37945b10796e4e1e7601c47872c3d3e1;c9eb7f5c5fcf438abe2dc1669ddf6451;museum;Museo di Palazzo VecchioMOD3;FIRENZE;PIAZZA DELLA SIGNORIA;PIAZZA DELLA SIGNORIA;RT04801701941TO;43.769517;11.2556; 1429176730433
39a75ef0d321097462e5c43032a0b3aa;f1f57dcefcb84ce6b088eb6944d46bda;museum;CHIESA DI SANTA TRINITA;FIRENZE;PIAZZA DI SANTA TRINITA;PIAZZA DI SANTA TRINITA;RT04801701962TO;43.770035989281084;11.250981200191415; 1429181881429
3ac6170e4f134d7473e474ea160b2625;fdabd2b1d25342e0b68baa268a3a1a7b;museum;musei.70;FIRENZE;PIAZZA DELLA SIGNORIA;PIAZZA DELLA SIGNORIA;RT04801701941TO;43.769257319526524;11.255942677666754; 1429182845637
3b9cfd0e31369174ada9c2d55636b129;35f7a0a8058b4096be2ac89775df1679;museum;musei.74;FIRENZE;VIA DEL FORTE DI SAN GIORGIO;VIA DEL FORTE DI SAN GIORGIO;RT04801702503TO;43.7631971122613;11.254409506380663; 1429091217402
3bb102e3830326ad2c9909352a065356;1595d2544d4b411485e01ac432a680fb;museum;Museo di San Marco;FIRENZE;PIAZZA SAN MARCO;PIAZZA DI SAN MARCO;RT04801701954TO;43.777508;11.258964; 1429090039443
3bce55d1c20fdd1de6741da602d9f196;8f24f57cba464a919a29784379d1aa24;museum;musei.50;FIRENZE;VIA GIORGIO LA PIRA;VIA GIORGIO LA PIRA;RT04801703073TO;43.7783406301028;11.2598396915694; 1429093765911
3c248dd5bbc6e9187a98acb6811c0e6b;05ab67a571454b3581c9ab253aa3ee7f;museum;Museo del Bigallo;FIRENZE;PIAZZA SAN GIOVANNI;PIAZZA DI SAN GIOVANNI;RT04801701953TO;43.772808;11.255097; 1429089933859
3d2db23fb7ff4ca9b7791545ad76df40;259ba1d2370c44f38716bad059b3688d;museum;musei.57;FIRENZE;PIAZZA DI SANTA MARIA NOVELLA;PIAZZA DI SANTA MARIA NOVELLA;RT04801702010TO;43.77417150194436;11.249156310524034; 1429090148147
439c00f89041d46161494476d379c802;30d770930f6f4e60a096182b7866cab0;museum;Museo Nazionale del Bargello;FIRENZE;VIA DEL PROCONSOLO;VIA DEL PROCONSOLO;RT04801702583TO;43.770508;11.257864; 1429091170938
44e2fedfcd16b72c64c353e2da43aa78;87c77566a7e743aaa503eac66e18c195;museum;musei.753;FIRENZE;VIA DEL ROSSELLINO;VIA DEL ROSSELLINO;RT04801702595TO;43.78065090786745;11.328525064466199; 1429093702297
45e458d0c9e5bf53e34e7e2fed73a6b4;1d4bd6f9a5454901ac2612e7fd82ebf6;museum;Cupola;FIRENZE;PIAZZA DEL DUOMO;PIAZZA DEL DUOMO;RT04801701927TO;43.773254;11.256423; 1429090094575
476617441c003a525554b991b5b5b573;548e37e59efe49528c21dc20f637f6db;museum;musei.36;FIRENZE;PIAZZA DE PITTI;PIAZZA DEI PITTI;RT04801707345TO;43.76527361263458;11.24996827517074; 1429092227190
4afa9d9857716f8a825a1506c8ab6067;e5e9c7924325456bb3e78044cbd1ead1;museum;musei.79;FIRENZE;VIA ROMANA;VIA ROMANA;RT04801703500TO;43.76461190805779;11.246966126465077; 1429178997856
4fc522a99edfa609e86ced82c078eef7;aa9847f0742c4d62a38f2e735ca86b51;museum;BASILICA DI SANTA MARIA DEL FIORE (DUOMO);FIRENZE;PIAZZA DEL DUOMO;PIAZZA DEL DUOMO;RT04801701927TO;43.77315578084666;11.255751910798882; 1429095049151
511d2591804271a8bc9cd2766eeb5181;36ce4d3f49834bed931c1956f51006c2;museum;VILLA MEDICEA LA PETRAIA;FIRENZE;VIA DELLA PETRAIA;VIA DELLA PETRAIA;RT04801702676TO;43.81869025357329;11.23502408182847; 1429091223811
52b2934bb598ad54d6098d399b197f1c;9cd6b95831d445fd948adef39ebc8bfa;museum;musei.682;FIRENZE;PIAZZA SANTA FELICITA;PIAZZA DI SANTA FELICITA;RT04801702004TO;43.76699924081949;11.252482956608889; 1429093860684
56278f2ebd419e89b811c6dc728e1961;91d4a763f633403fb37487a305c5bec8;museum;MUSEO DI STORIA NATURALE - SEZIONE DI MINERALOGIA E LITOLOGIA;FIRENZE;VIA GIORGIO LA PIRA;VIA GIORGIO LA PIRA;RT04801703073TO;43.7783406301028;11.2598396915694; 1429093783437
58ab4963e391bc83c317f3c229056988;62a00e1718e64307a9b10a6c966ad028;museum;musei.23;FIRENZE;PIAZZA DE PITTI;PIAZZA DEI PITTI;RT04801707345TO;43.76527361263458;11.24996827517074; 1429092480792
5a6419083f1838a4328e5d869ee6c3ad;7dfd6bc9425746ea8f3cc1d6ceaee52b;museum;Museo Marino Marini;FIRENZE;VIA DELLA SPADA;VIA DELLA SPADA;RT04801702688TO;43.771908;11.250052; 1429093623105
5b67dfe77a9017a1e7220001b89cea31;23cfaa1c0cca47cfa5916278bbf37f6c;museum;Badia Fiorentina;FIRENZE;VIA DEL PROCONSOLO;VIA DEL PROCONSOLO;RT04801702583TO;43.770507;11.257735; 1429090138265
5f1a8190be31333afb6b471cb5fb8114;e58471e246954c768a831d90b6091524;museum;musei.681;FIRENZE;VIA DELLE PORTE SANTE;VIA DELLE PORTE SANTE;RT04801707039TO;43.75981918300975;11.26449062729077; 1429178993891
62101bec061e7cadcb9639f37733b0b3;27b020f82dad435a8db337272bc4fd02;museum;Museo di Storia Naturale, Orto Botanico  Giardino dei Semplici ;FIRENZE;VIA PIER ANTONIO MICHELI;VIA PIER ANTONIO MICHELI;RT04801703437TO;43.779411;11.261745; 1429091072400
62af54abbe1348c5a911626cbd144235;df9c0f5d791947ef8207103fe8c883ff;museum;musei.5;FIRENZE;PIAZZA DEL DUOMO;PIAZZA DEL DUOMO;RT04801701927TO;43.77283160554672;11.255685524189158; 1429178910639
6504e90995704e219784ce718706d6f8;dcd53a6ce7894ff9bd662c42b133e3a4;museum;"MUSEO DEL CICLISMO ""GINO BARTALI";FIRENZE;VIA CHIANTIGIANA;VIA CHIANTIGIANA;RT04801707432TO;43.740455112575965;11.293645139979855; 1429178876941
6540b356b05b922485f820b7e9537204;54d4c15a8f074f4aa7022e96752844be;museum;Museo di Storia Naturale, Sezione di Mineralogia e Litologia;FIRENZE;VIA GIORGIO LA PIRA;VIA GIORGIO LA PIRA;RT04801703073TO;43.777795;11.259892; 1429092235597
65c30971127b4312bf5a55573c1c39e1;806595eb8ac24130a3fe91f213dd4223;museum;BASILICA DELLA SANTISSIMA ANNUNZIATA;FIRENZE;PIAZZA DELLA SANTISSIMA ANNUNZIATA;PIAZZA DELLA SANTISSIMA ANNUNZIATA;RT04801702013TO;43.776771291118266;11.261038798981247; 1429093643227
67291657c5b52397c843a4a474a2db63;68bf0cd4fcf240bcb0096570d315e75c;museum;musei.25;FIRENZE;PIAZZA DE PITTI;PIAZZA DEI PITTI;RT04801707345TO;43.76527361263458;11.24996827517074; 1429092577469
6a8ba92b81c240b2167a167148fd83f8;841712daa5494cacaa5c3ebd78dcd639;museum;Marzocco di Donatello, Museo del Bargello;FIRENZE;VIA DEL PROCONSOLO;VIA DEL PROCONSOLO;RT04801702583TO;43.770509;11.257864; 1429093671789
6abd37c09fea6d101cc69f6c812ea680;97343a1c91df40338ecfc067bca093b3;museum;musei.61;FIRENZE;VIA DEL PROCONSOLO;VIA DEL PROCONSOLO;RT04801702583TO;43.77046042297548;11.257869377190355; 1429093817842
6b29a602e09b74a69c68ef2b27b2d689;1d55a7c748a043c79aa20cbd04f105ae;museum;Ercole e il Centauro;FIRENZE;CHIASSO DEI BARONCELLI;PIAZZA DEI BARONCELLI;RT04801708010TO;43.769308;11.255383; 1429090095095
6b58c871fc4ab23230d36c35003287cf;71df3c25a1e34498ab159f55812a9c09;museum;MUSEO DI ORSANMICHELE;FIRENZE;VIA DELL'ARTE DELLA LANA;VIA DELL'ARTE DELLA LANA;RT04801702626TO;43.770791969371594;11.254679984902918; 1429092718982
6b7e2fb304a9cd3a9a428f862e9ccd16;186f637d21ed4f5ba0f0ec6a876ccbc6;museum;Museo Stefano Bardini;FIRENZE;VIA DEI RENAI;VIA DEI RENAI;RT04801702442TO;43.765087;11.259193; 1429090061808
6bbcd25e0b5778c9fe995dd6bc63ddf7;5977dba83acb4c8aa0dd605c5fe42016;museum;musei.54;FIRENZE;VIA GIORGIO LA PIRA;VIA GIORGIO LA PIRA;RT04801703073TO;43.7783406301028;11.2598396915694; 1429092309857
6d893ed0756a35ebd3a4bcb90be2948d;2ce6174e69cb499ba5c21a6e814de79a;museum;Villa Medicea di Poggio a Caiano;POGGIO A CAIANO;VIA GIULIANO DA SANGALLO;VIA GIULIANO BUGIARDINI;RT04801703140TO;43.816566;11.055234; 1429091122070
6deceac18d05d90ad1bc2fd7abbe7061;0943b47c882a461681076523ebf86531;museum;Palazzo Pitti - Museo degli Argenti;FIRENZE;PIAZZA DE PITTI;PIAZZA DEI PITTI;RT04801707345TO;43.765428;11.250413; 1429089960385
6e17a704232ff8610e2197e7aa82ac37;3df526029568482bbe49549fcb64f62c;museum;Palazzo Pitti - Museo Giardino di Boboli;FIRENZE;VIA DEL FORTE DI SAN GIORGIO;VIA DEL FORTE DI SAN GIORGIO;RT04801702503TO;43.763695;11.251296; 1429091303121
6f5f9921c9eb19c969e75aa1b981554f;1d27f88b805348e38c5ef60c5ed7dd24;museum;Campanile di Giotto;FIRENZE;PIAZZA DEL DUOMO;PIAZZA DEL DUOMO;RT04801701927TO;43.772814;11.25562; 1429090093535
72c4ffc757d59a8453b23cd6b7bdc277;07d19d7158bb4153872fc98215a137f7;museum;Museo dell Opera di Santa Maria del Fiore;FIRENZE;PIAZZA DEL DUOMO;PIAZZA DEL DUOMO;RT04801701927TO;43.7729694;11.257852; 1429089947902
72cc167979e946925754653de2a5a0be;cb29e1baee6e43d9a063abbbc64401b7;museum;Bargello;FIRENZE;VIA DEL PROCONSOLO;VIA DEL PROCONSOLO;RT04801702583TO;43.770508;11.257864; 1429176758428
77a4e4c9e4327e04d186d5848ecd3be0;9e148a8c86f944f28247196bfc76e30c;museum;GIARDINO DI BOBOLI;FIRENZE;PIAZZA DE PITTI;PIAZZA DEI PITTI;RT04801707345TO;43.76527361263458;11.24996827517074; 1429093869123
79e3da98a6c2c3a8fa0061ed6618d790;6f7f8f2e6cee4414a690674b6531a75a;museum;musei.62;FIRENZE;VIA DÈ TORNABUONI;VIA DEI TORNABUONI;RT04801702380TO;43.76984708491944;11.2510575674835; 1429092669943
7fe26226b36c9b936b9754684314d1d2;f748a18ec985478c87c96b88174736cd;museum;CIMITERO DEGLI INGLESI;FIRENZE;PIAZZALE DONATELLO;PIAZZALE DONATELLO;RT04801702030TO;43.77695270110392;11.26863474586622; 1429181907287
834d2d6dd0d0ec1f466ab1ceac42e7e2;3706e07e930a4ad5afec7b6267201caa;museum;MUSEO DI CASA MARTELLI;FIRENZE;VIA FERDINANDO ZANNETTI;VIA FERDINANDO ZANNETTI;RT04801702949TO;43.77403610281009;11.253379990875835; 1429091227015
853776c95fd2d02054b199fb9ece53e2;72f735dcdb4e4c1e90fb49f1e109b6c9;museum;Museo Stibbert;FIRENZE;VIA FEDERICO STIBBERT;VIA FEDERIGO STIBBERT;RT04801702937TO;43.792889;11.255899; 1429092734394
86aba9c3943ca5fbac1b7eaa168d08b0;22202ad7bc1f4ff4b0cfa7c505db869f;museum;PALAZZO DAVANZATI;FIRENZE;VIA PORTA ROSSA;VIA PORTA ROSSA;RT04801703483TO;43.77017121515212;11.252748230566114; 1429090128383
878a710568b89711217e05541eaba4c6;c54759f196004253a7a86e53fd8fd88a;museum;CENACOLO DI OGNISSANTI;FIRENZE;BORGO OGNISSANTI;PIAZZA D'OGNISSANTI;RT04801701903TO;43.77254037548961;11.245630546033551; 1429095755125
8aac9172caea9ff2e512bc4779e8b42f;b1820f508f934568b8ba86cef0065bb9;museum;musei.78;FIRENZE;PIAZZA DI SAN FELICE;PIAZZA DI SAN FELICE;RT04801701950TO;43.765264573532356;11.248027079244928; 1429095234049
8d788deeb167450a61390a3f58eab07b;074dc53cb70d42759a17915a43f8d3e2;museum;SALA D ARMI, PALAZZO VECCHIO;FIRENZE;PIAZZA DELLA SIGNORIA;PIAZZA DELLA SIGNORIA;RT04801701941TO;43.769513473828106;11.256204457914883; 1429089945822
8ed70d40d7890a0288a3b1d8b71fce45;3c7a9b1e3a37447da13e5f761d84ffe9;museum;FONDAZIONE ROBERTO CAPUCCI;FIRENZE;COSTA SAN GIORGIO;VIA DEL FORTE DI SAN GIORGIO;RT04801702503TO;43.76391744055481;11.255981458370862; 1429091288701
8f728e8eeea91f6a95b1f164ae73319f;a3db6b6e80f042e899dd258303f8f34e;museum;musei.754;FIRENZE;VIA DELLA SPADA;VIA DELLA SPADA;RT04801702688TO;43.77185787258884;11.250210442788978; 1429094874759
90711147b0fb8f94314e9b48ffc088ee;5ce97a5e6fbf41d494b40c2f720d283b;museum;musei.6;FIRENZE;PIAZZA DEL CARMINE;PIAZZA DEL CARMINE;RT04801701925TO;43.76826368916673;11.243829216789528; 1429092375709
90aa1001ed34674f31a031fa8aebd0e7;a424696bd7854952ac97ed9c0267eccf;museum;COLLEZIONE CONTINI BONACOSSI;FIRENZE;VIA LAMBERTESCA;VIA LAMBERTESCA;RT04801703234TO;43.76864274492151;11.254948112177818; 1429094878961
90ac0fa25e55a2cb9801ab395ecc0023;55d4f3a3c3ab4575bfa7dc79c0495e7d;museum;Museo di Storia Naturale, Sezione di Geologia e Paleontologia;FIRENZE;VIA GIORGIO LA PIRA;VIA GIORGIO LA PIRA;RT04801703073TO;43.778339;11.25984; 1429092256614
93ed35e16bbd56a1e3f88f4def10164e;a43b7fd688414d5eba2ac123b333205c;museum;musei.11;FIRENZE;VIA FAENZA;VIA FAENZA;RT04801702930TO;43.77727066602222;11.251331321561816; 1429094883164
94a5ffbc10ca958a9b18d4e51b5c340f;4bca787a2fe24fd0aa8a6d4e22166c54;museum;musei.58;FIRENZE;VIA SANT'EGIDIO;VIA SANT'EGIDIO;RT04801703562TO;43.77289685875229;11.259882558091043; 1429092081475
967cef1df13aac6a50782afa1a79e9fa;59732e50e4d249fda5aa20c9e24e774e;museum;Museo di Storia Naturale, Sezione di Antropologia ed Etnologia;FIRENZE;VIA DEL PROCONSOLO;VIA DEL PROCONSOLO;RT04801702583TO;43.771755;11.257962; 1429092308456
989f2ea14a21366c05762fc40a3ca66f;5d92c5232c4645638d91cd43dd5e701f;museum;musei.38;FIRENZE;VIALE ALDO PALAZZESCHI;VIALE ALDO PALAZZESCHI;RT04801707286TO;43.77665378325587;11.304708218418149; 1429092386918
9b2c978c164186fc23d74a1c9f922dd3;75518731dce34777837c18951a12b5d0;museum;musei.16;FIRENZE;VIA DEGLI AVELLI;VIA DEGLI AVELLI;RT04801702397TO;43.77462241925036;11.249384807616693; 1429092770822
9b34e6ea0ff1c28bbfb32f5bf678d7de;028a8eaa2c914f5ba89e2c2b204218a9;museum;Galleria dell Accademia;FIRENZE;VIA RICASOLI;VIA RICASOLI;RT04801703496TO;43.776756;11.258516; 1429089913575
9b4b3f9203545954b7215b3f4f84e20f;616349cd53c64017875c844f16e9bd25;museum;musei.34;FIRENZE;VIA GINO CAPPONI;VIA GINO CAPPONI;RT04801703069TO;43.77657091132392;11.26125795153134; 1429092462578
9b6bf72f78e7674ddafdc74ec3f95310;c657172da57d4a14b43ee7325a83e220;museum;musei.667;FIRENZE;PIAZZA DEI PITTI;PIAZZA DEI PITTI;RT04801707345TO;43.76527543459846;11.249970924010556; 1429095790843
9c83f52b727906f94cf72167786a171d;9d878586e3584e7b8894e4c1007b7e65;museum;musei.55;FIRENZE;VIA DEL PROCONSOLO;VIA DEL PROCONSOLO;RT04801702583TO;43.77175380289299;11.257962421029365; 1429093864579
9d7a8a9075f13fcf7cee9cd503eb8640;6bc42659d1f74aae83d776bb0bab8176;museum;GALLERIA DELLO SPEDALE DEGLI INNOCENTI;FIRENZE;PIAZZA DELLA SANTISSIMA ANNUNZIATA;PIAZZA DELLA SANTISSIMA ANNUNZIATA;RT04801702013TO;43.77634779899685;11.260970755644573; 1429092618101
9de6c826952652163b75924556fa8f8d;893d0f45505f47d38169da5011bd2353;museum;BIBLIOTECA MEDICEA LAURENZIANA;FIRENZE;BORGO SAN LORENZO;BORGO SAN LORENZO;RT04801701838TO;43.77465441067852;11.254535530431298; 1429093714631
9efcdec93688b0b823f52cf755f726c6;eec2012007d24bccb34dd9e8a6970dee;museum;musei.17;FIRENZE;VIA CAMILLO CAVOUR;VIA CAMILLO CAVOUR;RT04801702240TO;43.7796008879813;11.259470459572267; 1429181865518
a0a3a9f05aefa310d4bebc8215e0f770;4d2f3c8051f7424ea552feea3dafd3f7;museum;MUSEO DEL BIGALLO;FIRENZE;PIAZZA SAN GIOVANNI;PIAZZA DI SAN GIOVANNI;RT04801701953TO;43.77280666267089;11.25509716186929; 1429092103893
a131968d778e8b7dad7f8306841e6a61;1378adfab1b94407954be697a0cd6740;museum;Fuoco fuochino;PISTOIA;VIA DELL'OSPIZIO;;;43.93174;10.91424; 1429090026960
a202541e4e656fd0dd9fe7a2c2f82470;8bd5a692dd8c4896af9ac7f6f7f16b24;museum;BASILICA DI SAN LORENZO;FIRENZE;BORGO SAN LORENZO;BORGO SAN LORENZO;RT04801701838TO;43.77481509639952;11.254586971506203; 1429093734753
a53723129ff9344a296f330b26b9d522;75d26cc3ee4e48a3bb34538df6104b87;museum;musei.43;FIRENZE;VIA DELLA CERTOSA;VIA DELLA CERTOSA;RT04801708482TO;43.73103776282403;11.220849937822093; 1429092772224
a755608d7fa33272a6ba280f12b1bb79;67f79c4909264c24acfeac35bd50e307;museum;musei.20;FIRENZE;PIAZZA DEL DUOMO;PIAZZA DEL DUOMO;RT04801701927TO;43.7731212845131;11.256953006177518; 1429092567662
a7fe316d3ef4e9d190215891bd417a12;b186f481df9c4b36b69922ca46f790c0;museum;musei.29;FIRENZE;PIAZZA FRA  GIROLAMO SAVONAROLA;PIAZZA FRA' GIROLAMO SAVONAROLA;RT04801701968TO;43.78134026724451;11.266537381831421; 1429095236150
a8d168a1ca4fdb82bbf8357f0aef5ba2;1bd378600a524a6193d49d42c31bcddf;museum;musei.69;FIRENZE;VIA LUIGI CARLO FARINI;VIA LUIGI CARLO FARINI;RT04801703278TO;43.772972516166185;11.26551514566195; 1429090085213
adc8403d7e66f8b356680a449926d004;b77f6384285c495aae74c49cae840269;museum;Copia di Museo Stefano Bardini;FIRENZE;VIA DEI RENAI;VIA DEI RENAI;RT04801702442TO;43.765088;11.259193; 1429095349610
ade2a230984d0821b1c27f6bb52cfcb8;ff53958712034671816cc9e3268a6c3d;museum;Uffizi;FIRENZE;LUNGARNO ANNA MARIA LUISA DE' MEDICI;LUNGARNO ANNA MARIA LUISA DE' MEDICI;RT04801701875TO;43.76775;11.255219; 1429182880153
adf4003f7a5b13d9b70b6d5ee06784a9;463ae57e291e4c31813a2721ea2c12b0;museum;Museo degli Argenti;FIRENZE;PIAZZA DE PITTI;PIAZZA DEI PITTI;RT04801707345TO;43.765178;11.248342; 1429091400857
adfa77e3feb89cf0f7979e07bb9d5456;66a6955dbd444900b69a63d91d0d44c0;museum;FONDAZIONE PALAZZO STROZZI;FIRENZE;PIAZZA DEGLI STROZZI;PIAZZA DEGLI STROZZI;RT04801701918TO;43.77129498915883;11.252095905515416; 1429092546645
af4d5de43efabe515b315e735842fe13;00c0290dc3034e94b60078a3c2efee1e;museum;musei.18;FIRENZE;VIA BENEDETTO FORTINI;VIA BENEDETTO FORTINI;RT04801702202TO;43.75633108420247;11.278381364482089; 1429089901092
b1fa07ba1dc3b21b9a00749e329fb807;d59a5fe25d054f87b22a7741a2926439;museum;"MUSEO DI STORIA NATURALE - SEZIONE DI ZOOLOGIA ""LA SPECOLA";FIRENZE;VIA ROMANA;VIA ROMANA;RT04801703500TO;43.764626049433;11.247132455752523; 1429176925067
b2c7b378dd4578a4da189e69aac9e78f;1830f605ec0f406b9d7aac9a5407a527;museum;Officine Panerai;FIRENZE;PIAZZA SAN GIOVANNI;PIAZZA DI SAN GIOVANNI;RT04801701953TO;43.773132;11.254503; 1429090059727
b343d6142521fa8cb3fe6c4ccc3c8280;5eba63a57ad84ca68191df373dd8f622;museum;VILLA BARDINI;FIRENZE;COSTA SAN GIORGIO;VIA DEL FORTE DI SAN GIORGIO;RT04801702503TO;43.76391744055481;11.255981458370862; 1429092412138
b4e7d80da61b63ba83c3a9b141bb2972;c67a33a7391c465a8af0e8bda6e8dd8f;museum;GALLERIA DELL ACCADEMIA;FIRENZE;VIA RICASOLI;VIA RICASOLI;RT04801703496TO;43.77678240987709;11.258586466362852; 1429095795045
b6daa8cde61dc74258655692f9c26a9e;adf22b76471d4620b98a16bb5e285560;museum;musei.10;FIRENZE;LUNGARNO SERRISTORI;LUNGARNO SERRISTORI;RT04801701891TO;43.76486432995516;11.263975498640216; 1429095145803
b94a297ca7504f0d5a7ede0a5660f2f0;8782e9289cc644bf84e9b379058667fe;museum;Museo Archeologico Nazionale;FIRENZE;PIAZZA DELLA SANTISSIMA ANNUNZIATA;PIAZZA DELLA SANTISSIMA ANNUNZIATA;RT04801702013TO;43.776634;11.261037; 1429093698403
bac57cc1bcbe34653f22ffac43aa1c02;159e80fef8e44ecab8ee7bac910a0f45;museum;Venere della Grotticella;FIRENZE;VIALE DELLA MERIDIANA;;;43.761597;11.245644; 1429090039963
bc2a6a9ac969402dc62077e073774501;863afc5559a14e19ac2f234484764918;museum;musei.52;FIRENZE;VIA PIER ANTONIO MICHELI;VIA PIER ANTONIO MICHELI;RT04801703437TO;43.77941110584635;11.261744706205114; 1429093689315
bcfd3f7abafc006252c2af5c43c5db76;3f78b798b9de4cd7a414668b2509604e;museum;Villa Medicea di Cerreto Guidi e Museo storico della caccia e del territorio;CERRETO GUIDI;VIA PIANELLO VAL TIDONE;;;43.759827;10.880166; 1429091323149
c1ddc2b2a2c14cb6839da03688a4c338;7831f580c8d445a39ee4fe0922a8bd9b;museum;Palazzo Pitti - Galleria d Arte Moderna;FIRENZE;PIAZZA DE PITTI;PIAZZA DEI PITTI;RT04801707345TO;43.76513;11.249664; 1429093577018
c1f84c3ff77f0d2d75b17ac08e5d77f9;936e6dc7a1c64e629218c976ee43bdee;museum;musei.13;FIRENZE;PIAZZA DI SAN SALVI;PIAZZA DI SAN SALVI;RT04801701958TO;43.77165643306782;11.285789592435624; 1429093794473
cba7a3e203c07b4bfea609543ba1d4a1;4dab91bb06814eab9607b2a05ef7883e;museum;musei.21;FIRENZE;PIAZZA SANTO SPIRITO;PIAZZA SANTO SPIRITO;RT04801702014TO;43.7669839170778;11.247603291490412; 1429092120706
cd0667932b1cc72fa2a629dc1c4c2012;8e5a8d5c79904228a6be0a2d9d44ca13;museum;GIARDINO BARDINI;FIRENZE;VIA DI SAN NICCOLÒ;VIA DI SAN NICCOLO;RT04801702842TO;43.764652033436974;11.258213903697957; 1429093758771
cd9fa722072d84aa47d5bc6a74932c46;e9a1fccf88cf437abafb59a3ca3219ec;museum;musei.9;FIRENZE;VIA GHIBELLINA;VIA GHIBELLINA;RT04801703052TO;43.76984900334829;11.263607049891469; 1429179028580
d2723cfd37b4f7f79d7bd4bacce6d8e3;a918ce595a664fec944128ee0ff34bac;museum;BASILICA DI SANTA CROCE;FIRENZE;PIAZZA DI SANTA CROCE;PIAZZA DI SANTA CROCE;RT04801702009TO;43.768354444181924;11.261967568591384; 1429095009230
d31cce7c2b4712a6ad330de160364bd2;8db99bca534641b59e4e1a3b2650d452;museum;Area e Museo Civico Archeologico;FIESOLE;VIA PORTIGIANI;;;43.807255;11.293076; 1429093754227
d441e3fbddf62d4da17e2774af0b3719;b2ee37e9affa480a9e85dd11dd60b21a;museum;BASILICA DI SANTOSPIRITO;FIRENZE;PIAZZA SANTO SPIRITO;PIAZZA SANTO SPIRITO;RT04801702014TO;43.76702876261953;11.248015060450141; 1429095269768
d5b242a379c2c36338c93e2ba7ee8b16;13748bd5b0c74f2687895012be64d3cd;museum;CENACOLO DI SANTA APOLLONIA;FIRENZE;VIA VENTISETTE APRILE;VIA VENTISETTE APRILE;RT04801703699TO;43.77872117199595;11.25661258139772; 1429090026440
d5ff28cf3eac374a307ad3d11d4a5b68;58744c63632f4f79be13f8c91cf8b7c5;museum;musei.84;FIRENZE;VIA DELL'ARTE DELLA LANA;VIA DELL'ARTE DELLA LANA;RT04801702626TO;43.770713403485935;11.254811949391565; 1429092288840
d60ce34c176be434cb955c152311d4d8;e4d2937a192f4dec9b148677524b9192;museum;VILLA MEDICEA DI CAREGGI;FIRENZE;VIALE GAETANO PIERACCINI;VIALE GAETANO PIERACCINI;RT04801702048TO;43.80931708186519;11.249780938952993; 1429178984972
d6130d93473ab49115b02c9eb8a88b65;5dca6f63fbb14204a0c27aa39d5fe5a3;museum;Ciclo degli uomini e donne illustri di Andrea del Castagno, Galleria degli Uffizi;FIRENZE;COSTA SAN GIORGIO;COSTA SAN GIORGIO;RT04801701857TO;43.766825;11.252571; 1429092389720
d729630fbb7777b3cefbbf04decd8009;ae842ebe9bd44aa5ad98d6861c26b1ec;museum;MUSEO PIETRO ANNIGONI;FIRENZE;COSTA SAN GIORGIO;VIA DEL FORTE DI SAN GIORGIO;RT04801702503TO;43.76391744055481;11.255981458370862; 1429095171016
d776789659008812c8e905934c4ba442;30ba2702764f4eb6835feadc99f30cd3;museum;musei.82;FIRENZE;VIA DELLE CASCINE;PIAZZALE DELLE CASCINE;RT04801707408TO;43.78351939803008;11.222182763309371; 1429091169336
d7e084b3be76cee72818e6b0d53a2a84;c12870ae87244df2b8a27faeb1751240;museum;PARCO D ARTE ENZO PAZZAGLI;FIRENZE;VIA SANT ANDREA A ROVEZZANO;VIA SANT'ANDREA A ROVEZZANO;RT04801703559TO;43.768203668968184;11.324636078871627; 1429095652170
d9bd307cdc74f29408cf7d5ad3ef8a0b;3136983773524f9d9774da8c0edc2bdc;museum;Cenacolo del Fuligno;FIRENZE;VIA FAENZA;VIA FAENZA;RT04801702930TO;43.775978;11.252118; 1429091175744
ddc2adf54c6a3a0daf635233dfab9516;3bb9d4b6e24f439085a8b6983cf63971;museum;MUSEO NAZIONALE ALINARI DELLA FOTOGRAFIA;FIRENZE;LARGO FRATELLI ALINARI;LARGO FRATELLI ALINARI;RT04801701866TO;43.77298615513653;11.249010694218194; 1429091275884
de727f6198e8702d5bb2537035c0fad7;3716e00adf894deebf42f9a25e4373ad;museum;musei.65;FIRENZE;VIA GIOVANNI ALDINI;VIA GIOVANNI ALDINI;RT04801703090TO;43.78604846356781;11.279031910425623; 1429091228618
de7c413e477d700ef2c9ecab3cff780f;4056d6e110094ac296496f6df4e5092f;museum;Museo Casa di Dante;FIRENZE;VIA SANTA MARGHERITA;VIA SANTA MARGHERITA;RT04801703568TO;43.771071;11.257062; 1429091333564
dfa0b0c166c6fc998f2c7379466d9d11;4acf85565aea4369a43ef0fa86eb17d7;museum;Museo Stefano Bardini;FIRENZE;VIA DEI RENAI;VIA DEI RENAI;RT04801702442TO;43.765088;11.259193; 1429091439310
dfcdc099231e7e4b391d25609acf5b04;2aae28aaad314155b2e25eea11d6ad97;museum;Oceano;FIRENZE;VIA DEL PROCONSOLO;VIA DEL PROCONSOLO;RT04801702583TO;43.770512;11.257872; 1429091106047
e1d8b912c0c53625b217da09f2c8cbd3;24d7d2c040a54c3cbb0fd5437aef798b;museum;CHIESA DELLA BADIA FIORENTINA;FIRENZE;VIA DANTE ALIGHIERI;VIA DANTE ALIGHIERI;RT04801702313TO;43.770882136175736;11.257445018066708; 1429090142426
e5a32887c4ff02a1a677c3583e98c968;30e92f7ebe92490b9b1be096e1372f8e;museum;Museo dell Opificio delle Pietre Dure;FIRENZE;VIA DELLA NINNA;VIA DELLA NINNA;RT04801702671TO;43.76873;11.256901; 1429091171739
e6394ae2199f9cf31d1baae8591cbaaf;feec695e937a4058b2fd05dbf9e23f5f;museum;Cenacolo Andrea del Sarto;FIRENZE;VIA DI SAN SALVI;PIAZZA DI SAN SALVI;RT04801701958TO;43.771652;11.285717; 1429182869183
e76655ae0ae0a956df3a60500b2861dd;16568ff9086c426790da19b0ec447873;museum;Galleria degli Uffizi;FIRENZE;VIA LAMBERTESCA;VIA LAMBERTESCA;RT04801703234TO;43.768524;11.255798; 1429090045164
ea2e2f04cc98669805b7c1144ce2c064;b9cf548d01a5413bac295f19ac20cd41;museum;Museo Horne;FIRENZE;VIA DEI BENCI;VIA DEI BENCI;RT04801702322TO;43.774227;11.257714; 1429095431553
f00b4e173d53fdcff3c3ef1dc237196c;2db24aaf29b54c7dbbee2e3e13de96bd;museum;Rivoire;FIRENZE;PIAZZA DELLA SIGNORIA;PIAZZA DELLA SIGNORIA;RT04801701941TO;43.769592;11.255139; 1429091127677
f4aec92a5ef713a598b9736a399a024e;dda1da589dc745fc9de43a4886195273;museum;MUSEO DELL OPIFICIO DELLE PIETRE DURE;FIRENZE;VIA DEGLI ALFANI;VIA DEGLI ALFANI;RT04801702391TO;43.776084603824835;11.258930697281455; 1429178887843
f4c773146a81f8ff197b006c4fe3c2ca;32dc2ac96ba74c3e9b2e1e28e3723fbf;museum;Bacco;FIRENZE;BORGO SAN JACOPO;;;43.767746;11.251802; 1429091188562
f611a0c68841541f3573540148bbb012;26adde30647b4196868101f65a7255d7;museum;Farmacia Santo Spirito;FIRENZE;VIA SANT'AGOSTINO;VIA SANT'AGOSTINO;RT04801703558TO;43.766193;11.246963; 1429091056378
f8102bd9637d8c5a999da3da5e2306be;d98dd5928aeb49b09e16550a9a6fb8bd;museum;musei.24;FIRENZE;PIAZZALE DEGLI UFFIZI;PIAZZALE DEGLI UFFIZI;RT04801702025TO;43.76840962154453;11.255647256020287; 1429178831355
fba7f9b902f3adf2282486fd106f1fac;0b6a87accf3f41eaa93efc462f9fbc38;museum;Galleria d arte moderna;FIRENZE;PIAZZA DE PITTI;PIAZZA DEI PITTI;RT04801707345TO;43.765178;11.248342; 1429089968707
fcb6b3d932446602defea36363925a85;d5940f5b0ffb4d059da1c40484b0284f;museum;Museo Nazionale Alinari della Fotografia;FIRENZE;VIA DELLA SCALA;VIA DELLA SCALA;RT04801702686TO;43.773163;11.24899; 1429176923734
fd2a93cd3d68123c954caa7872d6d49a;291e123eb65743f794e4630b00c9603e;museum;Gilli;FIRENZE;PIAZZA DELLA REPUBBLICA;PIAZZA DELLA REPUBBLICA;RT04801701940TO;43.77182;11.254165; 1429091082815
fe4c74882407c381dfbebcb841bfbb48;98bb2f97e06644e1b8ced7e9d0e25752;museum;musei.59;FIRENZE;PIAZZA DI SAN PANCRAZIO;PIAZZA DI SAN PANCRAZIO;RT04801701955TO;43.77185823583576;11.249781793165234; 1429093826930
