VIA DELL'ANTELLA,RT04800100285TO,VIA ANTELLA,rivendita2180
VIA DELL'ANTELLA,RT04800100285TO,VIA ANTELLA,rivendita2181
VIA DELL'ANTELLA,RT04800100285TO,VIA ANTELLA,rivendita2182
VIA DANTE ALIGHIERI,RT04800100358TO,VIA ALIGHIERI DANTE,rivendita2188
VIA DANTE ALIGHIERI,RT04800100358TO,VIA ALIGHIERI DANTE,rivendita2189
VIA FRATELLI ORSI,RT04800100045TO,VIA ORSI,rivendita2191
VIA PIAN DI GRASSINA,RT04800100038TO,VIA PIAN DI GRASSINA,rivendita2195
VIA PIAN DI GRASSINA,RT04800100038TO,VIA PIAN DI GRASSINA,rivendita2196
VIA PIAN DI GRASSINA,RT04800100038TO,VIA PIAN DI GRASSINA,rivendita2197
VIA ROMA,RT04800100001TO,VIA ROMA,rivendita2198
